Protein,Probability,Percent_Coverage,Peptide_Count,Gene_Symbol
A0A087WW87,34.41,22.31,2,IGKV2-40
P04075,61.74,24.73,8,ALDOA
O95969,4.74,10.0,1,SCGB1D2; Synonyms
P63104,21.83,25.71,5,YWHAZ;
Q5M9N0,8.34,0.9,1,CCDC158;
P13929,63.37,34.79,11,ENO3;
P05164,36.22,17.18,8,MPO
P26641,1.83,2.29,1,EEF1G; Synonyms
Q2TV78,2.28,1.68,1,MST1L; Synonyms
P31944,178.88,45.04,14,CASP14;
Q00872,27.32,7.89,7,MYBPC1; Synonyms
Q3ZBD7,6.26,5.21,2,GPI
P54296,6.28,1.64,2,MYOM2;
E7ETH6,3.63,1.99,1,ZNF587B;
P69905,352.02,83.8,12,HBA1;
O75635,12.22,6.05,2,SERPINB7;
P01127,8.26,12.03,2,PDGFB; Synonyms
P05106,44.75,11.04,7,ITGB3
Q9UI42,27.81,16.15,5,CPA4; Synonyms
P19823,548.86,38.27,29,ITIH2; Synonyms
P80188,5.25,7.58,1,LCN2; Synonyms
Q96PD5,129.84,33.33,11,PGLYRP2; Synonyms
A0A0A0MS14,10.18,9.4,1,IGHV1-45
P48740,17.11,5.44,3,MASP1; Synonyms
A0A0B4J2D9,10.93,13.68,1,IGKV1D-13
Q13103,15.04,11.37,2,SPP2; Synonyms
O60911,5.41,11.98,2,CTSV; Synonyms
P05156,188.12,30.87,15,CFI; Synonyms
P62820,3.14,7.8,1,RAB1A; Synonyms
Q86UX7,10.24,6.9,2,FERMT3; Synonyms
A0A075B6I9,4.27,7.69,1,IGLV7-46
P03951,21.95,11.04,6,F11;
P05121,24.08,15.67,4,SERPINE1; Synonyms
Q8IW75,22.02,14.01,6,SERPINA12;
Q658P3,4.7,2.46,1,STEAP3; Synonyms
P15531,10.65,28.29,3,NME1; Synonyms
P02747,63.78,21.22,4,C1QC; Synonyms
P13535,451.79,30.25,79,MYH8;
P22792,60.67,17.8,7,CPN2; Synonyms
P02760,388.77,36.65,17,AMBP; Synonyms
P01031,444.6,38.72,45,C5; Synonyms
P14625,2.66,1.49,1,HSP90B1
P41361,51.4,11.83,5,SERPINC1; Synonyms
P48594,123.39,43.85,13,SERPINB4; Synonyms
P02655,6.3,23.76,2,APOC2; Synonyms
P0DP03,104.27,47.86,6,IGHV3-30-5
P13671,172.13,32.33,18,C6;
P58107,33.78,10.83,7,EPPK1
P01857,2037.81,66.36,27,IGHG1
P28074,2.7,4.94,1,PSMB5; Synonyms
P01889,29.03,19.61,5,HLA-B
Q7Z794,761.85,44.46,29,KRT77; Synonyms
Q08188,241.86,34.34,22,TGM3;
P02042,159.7,80.95,11,HBD;
Q92954,463.09,19.59,23,PRG4; Synonyms
P27169,280.28,57.75,14,PON1; Synonyms
A0A075B6I0,8.4,14.75,2,IGLV8-61
P02765,367.72,48.23,11,AHSG; Synonyms
O00571,2.02,1.81,1,DDX3X; Synonyms
P08865,13.78,10.17,2,RPSA
A3EZ79,4.97,3.12,1,DMKN; ORFNames
P22735,106.26,24.11,16,TGM1; Synonyms
P17661,29.74,19.57,8,DES;
P31025,18.07,17.05,4,LCN1; Synonyms
P07996,3.48,1.2,1,THBS1
P04062,2.12,2.61,1,GBA1
Q9BYD5,4.11,19.64,1,CNFN;
P18669,2.5,4.33,1,PGAM1
P04908,45.7,43.85,3,H2AC4
P13798,1.89,1.5,1,APEH; Synonyms
P48061,37.73,15.05,1,CXCL12; Synonyms
P08697,177.99,35.23,13,SERPINF2; Synonyms
Q96IY4,51.82,22.7,6,CPB2;
P02769,1282.02,56.18,35,ALB;
Q9Y5Y7,2.65,2.8,1,LYVE1; Synonyms
P01861,915.21,57.8,19,IGHG4
Q96KN2,18.87,9.27,3,CNDP1
P55058,7.2,3.04,1,PLTP;
O95747,0.0,2.28,1,OXSR1
O75882,58.42,7.49,8,ATRN; Synonyms
P04745,15.45,9.2,3,
Q9UIV8,5.37,5.63,2,SERPINB13; Synonyms
A0A0C4DH29,27.59,22.22,2,IGHV1-3
Q9H1E1,16.62,20.51,2,RNASE7; ORFNames
P02768-1,13466.28,89.82,124,ALB;
Q13885,5.72,6.07,2,TUBB2A; Synonyms
A0A075B6H9,3.29,19.33,1,IGLV4-69
P36980,113.24,33.7,7,CFHR2; Synonyms
P18206,15.55,5.47,4,VCL;
Q3TTY5,526.47,12.31,19,Krt2
P31947,23.96,22.18,5,SFN; Synonyms
P31946,12.91,13.01,3,YWHAB;
P45378,13.44,14.5,3,TNNT3;
P04003,442.24,49.75,23,C4BPA; Synonyms
P04004,621.06,47.07,20,VTN;
A0A0B4J1U7,21.99,21.49,3,IGHV6-1
P55072,10.56,5.96,4,VCP;
Q32MB2,221.82,11.3,7,KRT73; Synonyms
A0A0B4J1V2,7.92,17.65,2,IGHV2-26
Q96G03,5.73,3.43,2,PGM2
P49720,2.6,7.8,1,PSMB3;
P27482,11.25,16.78,2,CALML3;
Q92820,32.56,18.87,5,GGH
O95180,0.0,0.89,1,CACNA1H
P00742,28.82,9.43,3,F10;
P35908,3587.26,89.36,76,KRT2; Synonyms
P55774,27.25,41.57,2,CCL18; Synonyms
P29508,204.63,52.56,17,SERPINB3; Synonyms
P02754,55.63,50.0,6,LGB;
O15145,6.76,16.29,3,ARPC3; Synonyms
P01876,862.32,73.09,21,IGHA1
P04792,63.71,51.71,9,HSPB1; Synonyms
P01718,17.88,18.58,2,IGLV3-27
P52179,10.26,2.43,4,MYOM1;
P01602,23.02,24.79,2,IGKV1-5
P25815,5.55,13.68,1,S100P; Synonyms
Q7L5L3,10.18,4.4,1,GDPD3
Q92831,6.2,1.2,1,KAT2B
P02533,2074.93,72.25,59,KRT14;
A0A0A0MT36,2.22,10.53,1,IGKV6D-21
P01624,28.17,26.09,2,IGKV3-15
P14151,6.19,2.15,1,SELL; Synonyms
P07225,151.5,25.3,12,PROS1; Synonyms
P25787,9.25,17.95,2,PSMA2; Synonyms
P01782,94.32,34.75,4,IGHV3-9
P17936,98.6,38.49,10,IGFBP3; Synonyms
P11277,91.17,12.45,17,SPTB; Synonyms
Q86YZ3,729.48,35.51,31,HRNR; Synonyms
Q9NY33,2.59,1.63,1,DPP3;
P55056,82.94,32.28,5,APOC4;
P62328,2.48,27.27,1,TMSB4X; Synonyms
O95715,1.82,6.31,1,CXCL14; Synonyms
P01036,5.97,25.53,2,CST4;
P13646-1,466.45,56.55,30,KRT13;
P23490,15.71,6.41,2,LORICRIN
P13645,3624.1,63.91,64,KRT10; Synonyms
P11279,9.02,6.47,2,LAMP1
P01871,1285.54,61.81,27,IGHM
P25786,5.65,15.21,2,PSMA1; Synonyms
A0A0B4J2H0,34.93,47.86,3,IGHV1-69D
Q9Y2T3,2.3,2.64,1,GDA
P02656,78.92,55.56,4,APOC3;
P01834,1879.32,97.2,15,IGKC
A0A0B4J1V0,25.12,26.05,3,IGHV3-15
P04085,1.98,3.79,1,PDGFA; Synonyms
P08575,4.74,1.91,2,PTPRC
Q15485,16.77,11.82,2,FCN2; Synonyms
Q15582,9.08,5.27,3,TGFBI; Synonyms
P09871,197.77,33.87,18,C1S;
Q13201,658.57,33.14,37,MMRN1; Synonyms
P04899,32.7,21.97,5,GNAI2; Synonyms
P09972,38.24,7.14,2,ALDOC; Synonyms
P01859,2169.06,63.19,24,IGHG2
P00739,761.99,61.78,25,HPR;
P49862,6.72,11.86,2,KLK7; Synonyms
P28072,5.27,4.6,1,PSMB6; Synonyms
P31151,75.5,54.46,8,S100A7; Synonyms
O75874,2.6,3.14,1,IDH1; Synonyms
P02743,98.73,28.7,6,APCS; Synonyms
P01593,52.97,34.19,2,IGKV1D-33
P20618,7.68,5.81,1,PSMB1; Synonyms
P00738,1642.46,65.02,33,HP;
P21333,11.99,1.78,3,FLNA; Synonyms
P80108,38.18,10.83,7,GPLD1; Synonyms
Q9UKX3,195.81,15.63,41,MYH13;
P01911,2.85,8.65,1,HLA-DRB1
Q14525,87.34,11.63,5,KRT33B; Synonyms
O95147,10.54,14.14,2,DUSP14; Synonyms
P05546,170.19,35.07,16,SERPIND1; Synonyms
Q7Z3Y8,394.32,5.88,4,KRT27
Q6ZVX7,40.95,26.18,5,NCCRP1; Synonyms
Q92608,0.0,1.09,1,DOCK2; Synonyms
P06732,44.21,23.62,5,CKM; Synonyms
Q9Y446,4.99,3.01,2,PKP3;
P23083,35.29,33.33,3,IGHV1-2
P15169,20.17,6.99,4,CPN1; Synonyms
P03973,21.22,18.94,2,SLPI; Synonyms
P00761 SWISS-PROT:P00761,696.94,26.84,7,
Q13609,3.17,5.9,1,DNASE1L3
P05109,46.99,33.33,5,S100A8
P02812,2.29,4.81,1,PRB2;
P48788,2.72,9.89,1,TNNI2;
P62979,92.24,31.41,5,RPS27A
P04264,7489.84,74.84,84,KRT1; Synonyms
A0A0C4DH24,2.89,10.53,1,IGKV6-21
P05386,6.6,14.04,1,RPLP1; Synonyms
P16157,57.5,10.63,13,ANK1
A0A0B4J1X8,50.4,18.64,3,IGHV3-43
P32004,2.82,1.11,1,L1CAM; Synonyms
P49411,2.0,1.99,1,TUFM;
P00450,1167.6,56.06,54,CP
A0A0C4DH72,48.58,23.93,2,IGKV1-6
P01024,3843.56,75.17,127,C3; Synonyms
P11413,1.93,1.55,1,G6PD;
P18428,81.33,19.96,8,LBP;
P04259,1501.84,57.27,52,KRT6B; Synonyms
P02538,1287.0,57.27,55,KRT6A; Synonyms
Q5T749,88.36,32.3,11,KPRP; Synonyms
P01619,104.39,21.55,2,IGKV3-20
P51884,109.2,29.88,9,LUM; Synonyms
Q8NI99,3.41,2.77,1,ANGPTL6; Synonyms
P29279,22.5,17.19,5,CCN2
Q86XI8,6.87,1.59,1,ZSWIM9
Q6Q788,30.53,30.6,5,APOA5; Synonyms
P04921,17.57,21.09,2,GYPC; Synonyms
P02750,106.22,43.52,10,LRG1; Synonyms
P14735,25.05,10.21,10,IDE
P20851,54.35,22.62,5,C4BPB;
Q9NZH6,2.78,6.88,1,IL37
P01699,8.87,38.46,2,IGLV1-44
P04430,16.64,13.68,1,IGKV1-16
Q15149,22.66,1.39,4,PLEC; Synonyms
Q8WZ42,278.26,3.82,93,TTN;
P11226,12.93,11.69,3,MBL2
Q9Y6W5,3.37,3.21,1,WASF2
O14773,5.7,4.97,2,TPP1; Synonyms
P02671,1640.68,43.65,50,FGA;
P28066,14.91,26.56,4,PSMA5;
Q9NP59,6.28,1.93,1,SLC40A1
P02549,187.5,19.43,32,SPTA1; Synonyms
P10319,18.35,12.98,3,HLA-B
P22749,2.24,11.72,1,GNLY; Synonyms
Q96FQ6,7.87,22.33,2,S100A16
Q5SYB0,1.83,0.44,1,FRMPD1; Synonyms
A0A0B4J1X5,99.93,37.61,5,IGHV3-74
P68871,368.49,89.8,14,HBB;
P61769,18.11,26.89,2,B2M
P01877,298.23,42.65,8,IGHA2
O75608,2.05,3.48,1,LYPLA1; Synonyms
P05090,191.98,38.1,11,APOD;
P05120,4.24,4.82,2,SERPINB2; Synonyms
P23743,2.06,0.95,1,DGKA; Synonyms
B9A064,623.48,43.46,9,IGLL5;
Q8IY33,2.49,1.11,1,MICALL2; Synonyms
P36952,6.7,9.33,2,SERPINB5; Synonyms
Q3ZCW2,2.26,5.23,1,LGALSL; Synonyms
Q8TCU4,1.91,0.17,1,ALMS1; Synonyms
Q6UX71,4.6,2.27,1,PLXDC2; Synonyms
Q99895,13.23,26.12,5,CTRC; Synonyms
Q02094,8.16,4.89,1,RHAG
Q6KB66,388.69,44.91,19,KRT80; Synonyms
Q9NZP8,43.79,8.42,3,C1RL; Synonyms
P05543,55.46,26.02,7,SERPINA7; Synonyms
P40926,3.62,4.73,1,MDH2;
P01780,79.17,26.5,4,IGHV3-7
Q9UJ70,2.67,3.78,1,NAGK
Q8TCV5,2.11,4.46,1,WFDC5; Synonyms
Q13790,30.64,7.67,2,APOF;
P29401,26.55,14.77,6,TKT;
A0A075B6K4,14.56,27.83,3,IGLV3-10
Q13642,3.0,3.1,1,FHL1; Synonyms
P02753,200.32,71.64,13,RBP4; ORFNames
Q53RT3,20.1,23.62,3,ASPRV1
P12830,60.89,3.17,3,CDH1
P02741,2.92,4.46,1,CRP; Synonyms
Q969X1,5.85,4.5,1,TMBIM1; Synonyms
P01009,2261.9,70.33,41,SERPINA1
P22528,24.1,34.83,2,SPRR1B;
P12273,43.55,43.84,6,PIP; Synonyms
Q5D862,294.58,20.83,22,FLG2; Synonyms
P12259,1657.37,38.67,95,F5;
P00568,2.47,6.19,1,AK1
P20929,25.52,2.55,10,NEB;
P00740,27.75,19.52,6,F9;
Q99969,5.44,7.36,1,RARRES2; Synonyms
Q9NZH8,12.31,21.89,3,IL36G
Q02413,506.91,41.85,40,DSG1; Synonyms
P05452,77.49,50.0,7,CLEC3B; Synonyms
P04217,481.53,55.76,17,A1BG;
P61224,3.21,14.13,1,RAP1B; ORFNames
Q9UBC9,3.48,10.06,1,SPRR3; Synonyms
O95865,1.98,4.91,1,DDAH2
P07477,31.11,8.1,1,PRSS1
P0DJI8,28.49,40.98,3,SAA1;
P62873,2.69,3.24,1,GNB1
Q16563,2.62,4.25,1,SYPL1; Synonyms
P01008,737.74,55.39,32,SERPINC1; Synonyms
P23528,7.07,18.67,2,CFL1; Synonyms
P31415,11.12,10.1,3,CASQ1; Synonyms
P12814,34.03,13.45,11,ACTN1;
P10720,354.66,49.04,5,PF4V1; Synonyms
Q29963,31.17,20.49,5,HLA-C
A0A0A0MT89,4.61,66.67,1,IGKJ1
P15924,1408.97,46.92,142,DSP;
P14555,38.96,19.44,2,PLA2G2A; Synonyms
P18510,3.68,10.73,1,IL1RN; Synonyms
O75112,4.94,3.85,2,LDB3
Q5VVQ6,2.57,4.31,1,YOD1; Synonyms
P02666,104.54,16.75,3,CSN2;
P02675,2599.75,73.52,55,FGB;
Q02383,2.41,2.41,1,SEMG2;
P43251,15.06,9.94,3,BTD
P01137,2.3,3.33,1,TGFB1
P21926,5.79,4.39,1,CD9
P26038,4.46,3.12,2,MSN
Q92817,2.57,0.84,1,EVPL;
P00558,31.48,27.82,9,PGK1; Synonyms
P20073,2.24,3.28,1,ANXA7; Synonyms
P51659,2.36,1.49,1,HSD17B4
P13611,3.26,0.44,1,VCAN; Synonyms
P49189,4.08,4.45,2,ALDH9A1;
P10619,10.54,5.0,2,CTSA; Synonyms
P02746,123.37,25.3,7,C1QB;
Q09666,24.3,3.16,6,AHNAK; Synonyms
P25311,320.24,52.01,15,AZGP1; Synonyms
P15814,12.87,7.04,1,IGLL1; Synonyms
P49908,55.77,16.01,6,SELENOP
P11142,91.52,20.59,11,HSPA8
P06396,373.83,40.92,21,GSN;
P34096,23.8,28.57,4,RNASE4; Synonyms
P06681,84.36,16.76,10,C2;
A0A0C4DH34,4.76,7.69,1,IGHV4-28
O14791,41.91,22.61,5,APOL1; Synonyms
P01023,4158.63,70.76,94,A2M; Synonyms
O60814,44.38,27.78,4,H2BC12
P28799,11.0,1.52,1,GRN
P06702,131.75,37.72,4,S100A9
P01903,8.87,13.39,2,HLA-DRA; Synonyms
P60953,4.25,5.24,1,CDC42
P17174,2.28,1.94,1,GOT1
P30086,18.23,35.29,3,PEBP1; Synonyms
A0A0C4DH38,92.52,47.01,4,IGHV5-51
O76011,11.95,11.01,4,KRT34; Synonyms
O75955,10.14,5.39,2,FLOT1;
P12882,731.45,45.28,111,MYH1;
P68104,35.27,18.4,7,EEF1A1; Synonyms
Q6ISB0,76.12,6.0,4,KRT84; Synonyms
A0A075B6K5,28.49,23.48,2,IGLV3-9
P13987,18.41,25.0,3,CD59; Synonyms
P25788,15.78,8.24,2,PSMA3; Synonyms
P60709,306.77,53.33,19,ACTB;
Q12805,4.85,6.49,2,EFEMP1; Synonyms
Q13835,122.78,27.31,20,PKP1;
P07358,123.5,36.21,15,C8B;
P35754,7.87,11.32,2,GLRX; Synonyms
P22352,20.53,17.26,3,GPX3
Q9UL68,2.31,2.28,1,MYT1L
P35908,3555.47,89.46,76,KRT2; Synonyms
Q13813,2.18,0.4,1,SPTAN1; Synonyms
A3EZ82,4.22,3.57,1,DMKN; ORFNames
P01880,13.6,10.16,2,IGHD
P51149,9.24,11.59,2,RAB7A
Q14767,7.47,1.43,2,LTBP2; Synonyms
P24593,51.56,22.79,6,IGFBP5; Synonyms
P60763,4.02,9.9,2,RAC3
Q9Y3R4,5.75,6.58,1,NEU2;
P09093,32.39,40.0,7,CELA3A; Synonyms
P23396,5.45,5.35,1,RPS3
P02776,367.85,36.63,5,PF4; Synonyms
P12235,2.34,3.02,1,SLC25A4
P01704,2.09,13.33,1,IGLV2-14
P20160,1.94,2.79,1,AZU1
P07355,208.78,50.74,17,ANXA2; Synonyms
Q9BXN1,25.87,19.74,5,ASPN; Synonyms
Q9HD89,26.03,51.85,5,RETN; Synonyms
P04070,15.44,9.11,3,PROC;
P00915,2.52,4.6,1,CA1;
P02545,38.84,15.81,10,LMNA; Synonyms
A0A0J9YX35,28.12,18.8,2,IGHV3-64D
P60900,16.31,8.94,2,PSMA6; Synonyms
P04406,288.27,51.64,20,GAPDH
P80723,5.34,6.17,1,BASP1; Synonyms
P28289,2.66,3.06,1,TMOD1; Synonyms
P61981,13.64,12.96,3,YWHAG
Q14766,28.28,7.44,8,LTBP1
P11021,91.24,23.24,11,HSPA5
Q96P63,139.46,46.42,14,SERPINB12;
Q9HCY8,34.24,74.04,6,S100A14; Synonyms
P14923,479.77,55.57,40,JUP
P01833,8.95,5.63,3,PIGR;
Q14324,13.39,3.33,4,MYBPC2; Synonyms
P03950,53.97,53.74,8,ANG; Synonyms
P01701,23.9,31.62,2,IGLV1-51
Q3ZBS7,77.72,9.5,5,VTN
Q7Z6K1,1.97,1.77,1,THAP5;
Q9UK55,10.55,7.66,3,SERPINA10; Synonyms
P00747,835.52,65.56,52,PLG;
P07814,2.16,1.52,1,EPRS1
P08185,95.4,30.37,9,SERPINA6; Synonyms
P04196,178.46,21.52,13,HRG;
P00734,663.18,54.98,33,F2;
P04258,9.18,1.98,2,COL3A1;
O43790,21.26,8.85,3,KRT86; Synonyms
P02654,137.36,28.92,6,APOC1;
P49748,2.72,2.29,1,ACADVL
Q9H0E2,6.57,4.74,1,TOLLIP;
P13716,3.31,5.76,1,ALAD;
P05089,131.37,50.93,14,ARG1;
P07737,8.73,10.0,1,PFN1;
P62805,16.82,31.07,3,H4C1; Synonyms
Q15323,84.88,9.13,4,KRT31; Synonyms
P01019,248.4,32.99,13,AGT
Q9BT78,2.59,2.96,1,COPS4; Synonyms
P50452,11.87,6.42,2,SERPINB8; Synonyms
Q92765,2.0,2.46,1,FRZB; Synonyms
Q9BYJ1,8.14,4.22,2,ALOXE3
P0DP57,4.44,13.4,1,SLURP2
P02730,179.37,23.6,15,SLC4A1
P01344,19.39,18.33,3,IGF2; ORFNames
Q01518,9.99,10.53,3,CAP1; Synonyms
P01040,86.05,84.69,6,CSTA; Synonyms
Q15907,9.14,8.72,2,RAB11B; Synonyms
P05160,58.24,15.89,7,F13B;
Q92743,24.33,11.04,5,HTRA1; Synonyms
Q6P4A8,10.24,7.78,3,PLBD1;
O43240,4.97,9.42,2,KLK10; Synonyms
Q96Q89,7.02,0.49,1,KIF20B
P61626,46.46,45.27,6,LYZ; Synonyms
P36871,2.86,2.14,1,PGM1;
Q9NSB4,2.41,1.95,1,KRT82; Synonyms
P01743,33.59,22.22,2,IGHV1-46
P08519,17.13,18.05,6,LPA;
A8K2U0,33.96,8.05,10,A2ML1
Q9NZT1,99.56,61.64,8,CALML5; Synonyms
P09493,60.02,43.66,14,TPM1; Synonyms
Q96DA0,14.7,22.12,3,ZG16B; Synonyms
Q08043,108.93,33.41,26,ACTN3;
O60437,2.31,0.63,1,PPL; Synonyms
P35625,19.32,9.48,1,TIMP3;
P25705,20.9,12.3,5,ATP5F1A
P27918,28.2,11.94,3,CFP; Synonyms
P06576,14.98,11.34,4,ATP5F1B
P42357,29.45,14.76,9,HAL; Synonyms
P16402,7.6,5.43,1,H1-3
P54707,1.95,0.67,1,ATP12A
P10643,219.04,42.35,22,C7;
P0DP01,26.92,22.22,2,IGHV1-8
Q92747,2.99,3.24,1,ARPC1A; Synonyms
P12883,296.7,29.2,59,MYH7; Synonyms
P06858,88.3,28.42,10,LPL; Synonyms
Q04756,27.51,9.16,4,HGFAC;
P08493,20.72,23.3,3,MGP; Synonyms
P05154,51.19,20.69,7,SERPINA5; Synonyms
P0DOY3,645.76,89.62,10,IGLC3
P04433,10.63,33.91,2,IGKV3-11
A0A075B6Q5,2.47,9.32,1,IGHV3-64
Q9UKK9,2.95,6.85,1,NUDT5; Synonyms
Q08431,7.35,13.44,3,MFGE8;
P17931,13.1,21.2,4,LGALS3
Q3MJ16,2.49,1.84,1,PLA2G4E
P00338,12.87,15.06,4,LDHA
P08123,13.44,2.56,3,COL1A2;
P16070,5.84,3.77,2,CD44; Synonyms
P04275,71.69,5.3,11,VWF; Synonyms
P00748,63.47,13.17,6,F12;
P08237,8.76,4.36,2,PFKM; Synonyms
P12081,11.02,10.41,5,HARS1
P02679,1968.97,75.94,38,FGG; ORFNames
Q8NEX9,11.01,10.86,3,SDR9C7; Synonyms
P35579,38.12,6.94,9,MYH9;
P04180,7.92,6.36,1,LCAT;
Q8WUD1,2.06,6.02,1,RAB2B
P02724,30.44,20.67,2,GYPA
P0DP25,10.84,11.41,2,CALM3
P08514,46.64,13.28,9,ITGA2B; Synonyms
P02774,817.53,67.72,31,GC;
P01042,407.31,38.04,22,KNG1; Synonyms
P35609,56.46,24.27,16,ACTN2;
P02787,2822.7,81.09,75,TF
Q6UWP8,203.79,47.46,14,SBSN; ORFNames
P20930,70.32,7.26,15,FLG;
P68133,342.64,63.66,26,ACTA1; Synonyms
P35325,34.36,79.17,5,SPRR2B;
Q9UKX2,597.5,33.9,90,MYH2
P22692,29.65,17.05,3,IGFBP4; Synonyms
P06276,2.89,3.49,1,BCHE; Synonyms
A0A0C4DH33,6.55,17.09,1,IGHV1-24
P01766,47.07,18.97,3,IGHV3-13
O43707,42.94,21.51,15,ACTN4
Q9NP98,3.54,4.35,1,MYOZ1
Q9UGM5,7.61,13.35,3,FETUB;
O75369,15.56,3.0,5,FLNB; Synonyms
P60903,2.88,17.53,1,S100A10; Synonyms
O14960,4.05,5.96,1,LECT2;
Q1RMN8,4.77,5.98,1,IGL@
P03952,160.65,34.33,17,KLKB1; Synonyms
Q53H76,8.76,4.82,1,PLA1A
P29972,16.16,7.43,1,AQP1
P13639,64.91,22.38,15,EEF2; Synonyms
Q14574,52.96,8.71,5,DSC3; Synonyms
P47929,41.68,38.97,4,LGALS7; Synonyms
Q61782,240.8,59.14,6,
P11171,8.18,2.89,2,EPB41
P55786,9.14,5.22,4,NPEPPS; Synonyms
P16452,24.78,8.25,4,EPB42
Q14254,6.68,7.01,2,FLOT2; Synonyms
Q06830,64.75,38.19,9,PRDX1; Synonyms
P06727,537.71,68.43,29,APOA4;
Q08722,9.18,5.26,2,CD47; Synonyms
P23142,84.65,25.75,12,FBLN1; ORFNames
Q9Y3F4,2.72,3.43,1,STRAP; Synonyms
P05155,297.88,30.2,20,SERPING1; Synonyms
Q9BXR6,35.84,6.5,3,CFHR5; Synonyms
P27105,73.57,44.1,10,STOM
P04083,50.75,34.39,9,ANXA1; Synonyms
P02662,266.12,61.81,8,CSN1S1;
Q9HDC9,11.38,5.05,2,APMAP; Synonyms
P01599,30.17,23.08,2,IGKV1-17
P23526,16.21,9.49,3,AHCY; Synonyms
P01034,2.93,7.53,1,CST3;
P00746,3.85,8.7,1,CFD; Synonyms
P00491,34.58,28.37,8,PNP; Synonyms
P02751,1315.01,46.48,71,FN1
O75342,47.93,12.7,6,ALOX12B
P04278,3.34,3.98,1,SHBG
P08603,997.32,58.33,62,CFH; Synonyms
P02763,371.17,41.29,9,ORM1; Synonyms
Q06033,92.97,21.24,12,ITIH3;
Q01628,8.43,12.03,1,IFITM3
P08571,15.6,14.67,3,CD14;
A0A0C4DH67,29.1,26.96,2,IGKV1-8
P0C0L4,1723.53,56.77,88,C4A; Synonyms
P06748,0.0,4.42,1,NPM1; Synonyms
Q9NYS7,2.69,4.46,1,WSB2;
P02647,1272.59,74.91,36,APOA1
Q14520,120.11,27.14,11,HABP2; Synonyms
P04279,5.7,5.63,2,SEMG1; Synonyms
A0A0C4DH68,23.22,16.67,2,IGKV2-24
P81605,55.03,32.73,3,DCD
P16150,2.03,2.0,1,SPN; Synonyms
Q13867,44.28,14.29,5,BLMH;
P31949,10.23,23.81,2,S100A11; Synonyms
P11166,32.04,11.18,4,SLC2A1
ENSEMBL:ENSBTAP00000016242,19.25,13.97,5,
P22891,3.51,6.75,2,PROZ;
P36955,99.4,35.41,12,SERPINF1; Synonyms
P07357,175.96,25.86,10,C8A;
P02788,74.54,16.76,9,LTF
Q9Y337,14.98,11.26,2,KLK5
P19827,460.59,39.08,31,ITIH1; Synonyms
Q6ZP82,2.81,1.03,1,CCDC141; Synonyms
A0A075B6J9,2.06,13.56,1,IGLV2-18
P09211,29.72,44.76,7,GSTP1
P19652,236.17,42.79,11,ORM2; Synonyms
P20742,333.94,10.8,13,PZP; Synonyms
O75340,5.19,5.76,1,PDCD6; Synonyms
A0A0C4DH43,12.21,24.37,2,IGHV2-70D
Q96FX8,8.66,21.76,2,PERP
P02663,497.46,65.22,19,CSN1S2;
P15907,5.73,5.67,1,ST6GAL1; Synonyms
P37837,2.94,3.26,1,TALDO1
P13797,4.78,2.86,2,PLS3;
Q15075,3.49,1.13,1,EEA1; Synonyms
P06733,153.03,50.69,15,ENO1; Synonyms
A0A0B4J1Y9,43.24,51.26,5,IGHV3-72
O43548,7.55,6.67,3,TGM5; Synonyms
P10809,1.97,1.57,1,HSPD1; Synonyms
Q04695,839.68,64.81,41,KRT17;
Q66K66,12.29,2.5,2,TMEM198;
P01011,503.8,51.54,25,SERPINA3; Synonyms
Q9H6X2,2.21,1.6,1,ANTXR1
A0A0A0MS15,22.86,27.73,3,IGHV3-49
Q86TJ2,18.65,1.67,1,TADA2B; Synonyms
P53804,2.31,0.79,1,TTC3; Synonyms
Q15645,6.03,2.31,1,TRIP13; Synonyms
P34931,42.64,10.45,5,HSPA1L;
P02676,96.58,9.29,4,FGB;
Q9Y6R7,0.0,0.7,1,FCGBP;
P21817,2.73,0.32,1,RYR1
P02649,1194.66,68.45,30,APOE
P09172,3.9,3.4,1,DBH;
Q5T750,35.48,21.6,4,KPLCE
P02585,28.12,31.25,5,TNNC2;
P47756,13.15,11.55,3,CAPZB
P56537,19.79,21.22,3,EIF6
P10599,43.68,23.81,2,TXN; Synonyms
Q3SX14,166.37,15.11,10,GSN;
P02535-1,864.22,19.3,16,Krt10; Synonyms
Q86TD4,2.14,1.39,1,SRL;
P35542,82.95,44.62,6,SAA4
P02766,636.14,65.31,10,TTR; Synonyms
Q15848,17.06,6.15,1,ADIPOQ;
P35321,23.94,34.83,2,SPRR1A;
P40925,7.56,10.18,3,MDH1
P07360,92.45,40.59,7,C8G;
Q96A32,91.57,65.09,11,MYL11
Q9GZN2,4.84,6.75,1,TGIF2;
P00751,466.76,40.97,28,CFB; Synonyms
P35858,64.03,23.14,9,IGFALS; Synonyms
O00391,8.27,1.34,1,QSOX1; Synonyms
P07951,60.67,38.73,12,TPM2; Synonyms
P19237,1.89,3.74,1,TNNI1;
O14983,85.59,23.48,16,ATP2A1
O95445,58.36,31.91,5,APOM; Synonyms
P14618,86.39,34.65,14,PKM; Synonyms
P05976,40.68,31.96,9,MYL1;
Q9UBG3,13.97,13.54,3,CRNN;
P62826,2.52,5.09,1,RAN; Synonyms
P01860,1877.15,66.05,26,IGHG3
O15400,41.65,34.87,6,STX7;
P02749,333.79,53.33,13,APOH; Synonyms
P68371,5.4,6.07,2,TUBB4B; Synonyms
Q9Y6V0,2.24,0.43,1,PCLO
P01721,3.54,17.09,1,IGLV6-57
P01824,83.06,20.0,2,IGHV4-39
Q99798,3.15,2.05,1,ACO2;
P50395,28.21,27.87,8,GDI2; Synonyms
P01591,159.93,59.12,8,JCHAIN
P29622,116.03,43.79,15,SERPINA4; Synonyms
P01709,3.73,6.78,1,IGLV2-8
P19013,561.73,53.03,32,KRT4; Synonyms
Q8WVV4,62.38,21.22,11,POF1B;
A0A0C4DH25,105.98,21.55,2,IGKV3D-20
P02790,765.79,63.42,26,HPX;
P02511,2.17,4.57,1,CRYAB
P22392,9.72,31.58,3,NME2; Synonyms
P11217,28.21,13.3,9,PYGM
P01714,5.86,34.82,2,IGLV3-19
Q96QA5,62.42,19.78,6,GSDMA
Q14624,790.69,48.17,42,ITIH4; Synonyms
P0C0L5,1779.76,56.31,88,C4B; Synonyms
P52907,6.51,14.34,2,CAPZA1
P00736,276.21,32.91,16,C1R;
Q8N1N4,292.15,45.0,24,KRT78; Synonyms
Q9Y623,706.46,41.57,106,MYH4;
P06312,51.46,29.75,3,IGKV4-1
P02786,15.54,8.29,5,TFRC;
P01700,27.26,24.79,2,IGLV1-47
Q01469,47.82,56.3,8,FABP5
P13533,270.28,23.72,52,MYH6; Synonyms
A0A0B4J1Y8,7.7,21.95,3,IGLV9-49
Q03591,226.1,51.82,13,CFHR1; Synonyms
Q13510,10.65,8.61,2,ASAH1
P10909,349.07,31.4,18,CLU
P07384,13.4,5.04,3,CAPN1
P11150,13.11,9.02,3,LIPC; Synonyms
O14818,18.19,20.56,3,PSMA7; Synonyms
P02652,159.47,68.0,8,APOA2;
A0A0C4DH32,50.98,35.04,4,IGHV3-20
P02745,23.14,18.37,5,C1QA;
Q93050,8.61,3.11,2,ATP6V0A1; Synonyms
P06753,32.31,26.32,8,TPM3;
P07476,6.3,4.27,2,IVL;
Q15517,79.13,11.34,5,CDSN;
P05556,2.31,2.13,1,ITGB1
P35527,9679.11,96.63,79,KRT9;
P08779,1865.08,72.52,56,KRT16; Synonyms
P32119,77.13,34.34,8,PRDX2; Synonyms
P01703,2.2,13.56,1,IGLV1-40
O75636,42.92,14.38,3,FCN3; Synonyms
Q9BWP8,9.75,10.33,2,COLEC11; ORFNames
P00488,9.27,3.96,2,F13A1; Synonyms
O43866,256.09,36.31,10,CD5L; Synonyms
Q08554,240.57,30.54,19,DSC1; Synonyms
P01764,93.2,37.61,4,IGHV3-23
P55196,25.57,1.64,1,AFDN
P07339,142.74,33.25,14,CTSD; Synonyms
P04040,149.59,41.56,17,CAT;
Q9P0G3,4.81,10.11,2,KLK14; Synonyms
Q9NPH3,2.23,1.93,1,IL1RAP; Synonyms
Q14315,21.99,4.29,8,FLNC; Synonyms
P17900,24.13,23.83,4,GM2A
Q99497,9.61,19.05,2,PARK7
Q9H0B8,73.61,21.93,7,CRISPLD2; Synonyms
A0A0B4J1V6,14.83,24.37,3,IGHV3-73
Q96L46,2.88,8.06,1,CAPNS2;
Q9C075,54.54,29.62,11,KRT23;
P02748,256.6,37.92,16,C9;
Q9NRA1,5.09,3.48,1,PDGFC; Synonyms
P12109,2.48,1.07,1,COL6A1;
P02668,62.63,23.08,3,CSN3; Synonyms
P04114,3418.1,52.07,219,APOB;
P43652,193.64,34.56,17,AFM; Synonyms
P13647,1394.18,62.88,69,KRT5;
O15335,6.09,10.31,2,CHAD; Synonyms
Q08380,47.78,22.74,8,LGALS3BP; Synonyms
Q16610,49.56,27.78,9,ECM1;
P00711,9.78,13.82,1,LALBA; Synonyms
P60174,66.55,33.57,6,TPI1; Synonyms
P10646,122.45,37.17,11,TFPI; Synonyms
O75223,32.84,27.13,4,GGCT
A0A0C4DH31,43.01,26.5,4,IGHV1-18
P02775,28.65,21.09,2,PPBP; Synonyms
Q9NNX1,4.15,3.59,1,TUFT1;
P99999,2.11,7.62,1,CYCS; Synonyms
P25789,5.16,9.2,2,PSMA4; Synonyms
A0A087WSY6,8.39,26.09,2,IGKV3D-15
Q14185,2.59,0.54,1,DOCK1;
